{
	"IcoMoonType": "selection",
	"icons": [
		{
			"icon": {
				"paths": [
					"M896 256v-128h-896v704c0 35.346 28.654 64 64 64h864c53.022 0 96-42.978 96-96v-544h-128zM832 832h-768v-640h768v640zM128 320h640v64h-640zM512 448h256v64h-256zM512 576h256v64h-256zM512 704h192v64h-192zM128 448h320v320h-320z"
				],
				"attrs": [],
				"isMulticolor": false,
				"tags": [
					"newspaper",
					"news",
					"paper"
				],
				"grid": 16
			},
			"attrs": [],
			"properties": {
				"order": 7,
				"prevSize": 16,
				"ligatures": "newspaper, news",
				"name": "newspaper",
				"id": 5
			},
			"setIdx": 0,
			"setId": 0,
			"iconIdx": 4
		},
		{
			"icon": {
				"paths": [
					"M0 1024c128-384 463-1024 1024-1024-263 211-384 704-576 704s-192 0-192 0l-192 320h-64z"
				],
				"attrs": [],
				"isMulticolor": false,
				"tags": [
					"quill",
					"feather",
					"write",
					"edit"
				],
				"grid": 16
			},
			"attrs": [],
			"properties": {
				"order": 6,
				"prevSize": 16,
				"ligatures": "quill, feather",
				"name": "quill",
				"id": 8
			},
			"setIdx": 0,
			"setId": 0,
			"iconIdx": 7
		},
		{
			"icon": {
				"paths": [
					"M1018.17 291.89l-286.058-286.058c-9.334-9.334-21.644-7.234-27.356 4.666l-38.354 79.904 267.198 267.198 79.904-38.354c11.9-5.712 14-18.022 4.666-27.356z",
					"M615.384 135.384l-263.384 21.95c-17.5 2.166-32.080 5.898-37.090 28.752-0.006 0.024-0.012 0.042-0.018 0.066-71.422 343.070-314.892 677.848-314.892 677.848l57.374 57.374 271.986-271.99c-5.996-12.53-9.36-26.564-9.36-41.384 0-53.020 42.98-96 96-96s96 42.98 96 96-42.98 96-96 96c-14.82 0-28.852-3.364-41.384-9.36l-271.988 271.986 57.372 57.374c0 0 334.778-243.47 677.848-314.892 0.024-0.006 0.042-0.012 0.066-0.018 22.854-5.010 26.586-19.59 28.752-37.090l21.95-263.384-273.232-273.232z"
				],
				"attrs": [],
				"isMulticolor": false,
				"tags": [
					"pen",
					"write",
					"edit"
				],
				"grid": 16
			},
			"attrs": [],
			"properties": {
				"order": 5,
				"prevSize": 16,
				"ligatures": "pen, write3",
				"name": "pen",
				"id": 9
			},
			"setIdx": 0,
			"setId": 0,
			"iconIdx": 8
		},
		{
			"icon": {
				"paths": [
					"M959.884 128c0.040 0.034 0.082 0.076 0.116 0.116v767.77c-0.034 0.040-0.076 0.082-0.116 0.116h-895.77c-0.040-0.034-0.082-0.076-0.114-0.116v-767.772c0.034-0.040 0.076-0.082 0.114-0.114h895.77zM960 64h-896c-35.2 0-64 28.8-64 64v768c0 35.2 28.8 64 64 64h896c35.2 0 64-28.8 64-64v-768c0-35.2-28.8-64-64-64v0z",
					"M832 288c0 53.020-42.98 96-96 96s-96-42.98-96-96 42.98-96 96-96 96 42.98 96 96z",
					"M896 832h-768v-128l224-384 256 320h64l224-192z"
				],
				"attrs": [],
				"isMulticolor": false,
				"tags": [
					"image",
					"picture",
					"photo",
					"graphic"
				],
				"grid": 16
			},
			"attrs": [],
			"properties": {
				"order": 8,
				"prevSize": 16,
				"ligatures": "image, picture",
				"name": "image",
				"id": 14
			},
			"setIdx": 0,
			"setId": 0,
			"iconIdx": 13
		},
		{
			"icon": {
				"paths": [
					"M1088 128h-64v-64c0-35.2-28.8-64-64-64h-896c-35.2 0-64 28.8-64 64v768c0 35.2 28.8 64 64 64h64v64c0 35.2 28.8 64 64 64h896c35.2 0 64-28.8 64-64v-768c0-35.2-28.8-64-64-64zM128 192v640h-63.886c-0.040-0.034-0.082-0.076-0.114-0.116v-767.77c0.034-0.040 0.076-0.082 0.114-0.114h895.77c0.040 0.034 0.082 0.076 0.116 0.116v63.884h-768c-35.2 0-64 28.8-64 64v0zM1088 959.884c-0.034 0.040-0.076 0.082-0.116 0.116h-895.77c-0.040-0.034-0.082-0.076-0.114-0.116v-767.77c0.034-0.040 0.076-0.082 0.114-0.114h895.77c0.040 0.034 0.082 0.076 0.116 0.116v767.768z",
					"M960 352c0 53.020-42.98 96-96 96s-96-42.98-96-96 42.98-96 96-96 96 42.98 96 96z",
					"M1024 896h-768v-128l224-384 256 320h64l224-192z"
				],
				"width": 1152,
				"attrs": [],
				"isMulticolor": false,
				"tags": [
					"images",
					"pictures",
					"photos",
					"graphics"
				],
				"grid": 16
			},
			"attrs": [],
			"properties": {
				"order": 4,
				"prevSize": 16,
				"ligatures": "images, pictures",
				"name": "images",
				"id": 15
			},
			"setIdx": 0,
			"setId": 0,
			"iconIdx": 14
		},
		{
			"icon": {
				"paths": [
					"M960 0h64v736c0 88.366-100.29 160-224 160s-224-71.634-224-160c0-88.368 100.29-160 224-160 62.684 0 119.342 18.4 160 48.040v-368.040l-512 113.778v494.222c0 88.366-100.288 160-224 160s-224-71.634-224-160c0-88.368 100.288-160 224-160 62.684 0 119.342 18.4 160 48.040v-624.040l576-128z"
				],
				"attrs": [],
				"isMulticolor": false,
				"tags": [
					"music",
					"song",
					"audio",
					"sound",
					"note"
				],
				"grid": 16
			},
			"attrs": [],
			"properties": {
				"order": 11,
				"prevSize": 16,
				"ligatures": "music, song",
				"name": "music",
				"id": 18
			},
			"setIdx": 0,
			"setId": 0,
			"iconIdx": 17
		},
		{
			"icon": {
				"paths": [
					"M0 128v768h1024v-768h-1024zM192 832h-128v-128h128v128zM192 576h-128v-128h128v128zM192 320h-128v-128h128v128zM768 832h-512v-640h512v640zM960 832h-128v-128h128v128zM960 576h-128v-128h128v128zM960 320h-128v-128h128v128zM384 320v384l256-192z"
				],
				"attrs": [],
				"isMulticolor": false,
				"tags": [
					"film",
					"video",
					"movie",
					"tape",
					"play"
				],
				"grid": 16
			},
			"attrs": [],
			"properties": {
				"order": 2,
				"prevSize": 16,
				"ligatures": "film, video2",
				"name": "film",
				"id": 20
			},
			"setIdx": 0,
			"setId": 0,
			"iconIdx": 19
		},
		{
			"icon": {
				"paths": [
					"M384 288c0-88.366 71.634-160 160-160s160 71.634 160 160c0 88.366-71.634 160-160 160s-160-71.634-160-160zM0 288c0-88.366 71.634-160 160-160s160 71.634 160 160c0 88.366-71.634 160-160 160s-160-71.634-160-160zM768 608v-96c0-35.2-28.8-64-64-64h-640c-35.2 0-64 28.8-64 64v320c0 35.2 28.8 64 64 64h640c35.2 0 64-28.8 64-64v-96l256 160v-448l-256 160zM640 768h-512v-192h512v192z"
				],
				"attrs": [],
				"isMulticolor": false,
				"tags": [
					"video-camera",
					"video",
					"media",
					"film",
					"movie"
				],
				"grid": 16
			},
			"attrs": [],
			"properties": {
				"order": 3,
				"prevSize": 16,
				"ligatures": "video-camera, video3",
				"name": "video-camera",
				"id": 21
			},
			"setIdx": 0,
			"setId": 0,
			"iconIdx": 20
		},
		{
			"icon": {
				"paths": [
					"M864 192h-512c-88 0-160 72-160 160v512c0 88 72 160 160 160h512c88 0 160-72 160-160v-512c0-88-72-160-160-160zM416 896c-53.020 0-96-42.98-96-96s42.98-96 96-96 96 42.98 96 96-42.98 96-96 96zM416 512c-53.020 0-96-42.98-96-96s42.98-96 96-96 96 42.98 96 96-42.98 96-96 96zM608 704c-53.020 0-96-42.98-96-96s42.98-96 96-96 96 42.98 96 96-42.98 96-96 96zM800 896c-53.020 0-96-42.98-96-96s42.98-96 96-96 96 42.98 96 96-42.98 96-96 96zM800 512c-53.020 0-96-42.98-96-96s42.98-96 96-96 96 42.98 96 96-42.98 96-96 96zM828.76 128c-14.93-72.804-79.71-128-156.76-128h-512c-88 0-160 72-160 160v512c0 77.046 55.196 141.83 128 156.76v-636.76c0-35.2 28.8-64 64-64h636.76z"
				],
				"attrs": [],
				"isMulticolor": false,
				"tags": [
					"dice",
					"game",
					"chance",
					"luck",
					"random",
					"gample"
				],
				"grid": 16
			},
			"attrs": [],
			"properties": {
				"order": 12,
				"prevSize": 16,
				"ligatures": "dice, game",
				"name": "dice",
				"id": 22
			},
			"setIdx": 0,
			"setId": 0,
			"iconIdx": 21
		},
		{
			"icon": {
				"paths": [
					"M964.73 178.804c-93.902-109.45-233.21-178.804-388.73-178.804-282.77 0-512 229.23-512 512s229.23 512 512 512c155.52 0 294.828-69.356 388.728-178.804l-324.728-333.196 324.73-333.196zM704 120.602c39.432 0 71.398 31.964 71.398 71.398 0 39.432-31.966 71.398-71.398 71.398s-71.398-31.966-71.398-71.398c0-39.432 31.966-71.398 71.398-71.398z"
				],
				"attrs": [],
				"isMulticolor": false,
				"tags": [
					"pacman",
					"game",
					"arcade"
				],
				"grid": 16
			},
			"attrs": [],
			"properties": {
				"order": 13,
				"prevSize": 16,
				"ligatures": "pacman, game2",
				"name": "pacman",
				"id": 23
			},
			"setIdx": 0,
			"setId": 0,
			"iconIdx": 22
		},
		{
			"icon": {
				"paths": [
					"M896 128v832h-672c-53.026 0-96-42.98-96-96s42.974-96 96-96h608v-768h-640c-70.398 0-128 57.6-128 128v768c0 70.4 57.602 128 128 128h768v-896h-64z",
					"M224.056 832v0c-0.018 0.002-0.038 0-0.056 0-17.672 0-32 14.326-32 32s14.328 32 32 32c0.018 0 0.038-0.002 0.056-0.002v0.002h607.89v-64h-607.89z"
				],
				"attrs": [],
				"isMulticolor": false,
				"tags": [
					"book",
					"read",
					"reading"
				],
				"grid": 16
			},
			"attrs": [],
			"properties": {
				"order": 1,
				"prevSize": 16,
				"ligatures": "book, read",
				"name": "book",
				"id": 32
			},
			"setIdx": 0,
			"setId": 0,
			"iconIdx": 31
		},
		{
			"icon": {
				"paths": [
					"M0 128h128v640h-128zM192 128h64v640h-64zM320 128h64v640h-64zM512 128h64v640h-64zM768 128h64v640h-64zM960 128h64v640h-64zM640 128h32v640h-32zM448 128h32v640h-32zM864 128h32v640h-32zM0 832h64v64h-64zM192 832h64v64h-64zM320 832h64v64h-64zM640 832h64v64h-64zM960 832h64v64h-64zM768 832h128v64h-128zM448 832h128v64h-128z"
				],
				"attrs": [],
				"isMulticolor": false,
				"tags": [
					"barcode"
				],
				"grid": 16
			},
			"attrs": [],
			"properties": {
				"order": 9,
				"prevSize": 16,
				"ligatures": "barcode",
				"name": "barcode",
				"id": 56
			},
			"setIdx": 0,
			"setId": 0,
			"iconIdx": 55
		},
		{
			"icon": {
				"paths": [
					"M480 128c-50.666 0-99.582 7.95-145.386 23.628-42.924 14.694-81.114 35.436-113.502 61.646-60.044 48.59-93.112 110.802-93.112 175.174 0 35.99 10.066 70.948 29.92 103.898 20.686 34.34 51.898 65.794 90.26 90.958 30.44 19.968 50.936 51.952 56.362 87.95 0.902 5.99 1.63 12.006 2.18 18.032 2.722-2.52 5.424-5.114 8.114-7.794 24.138-24.040 56.688-37.312 90.322-37.312 5.348 0 10.718 0.336 16.094 1.018 19.36 2.452 39.124 3.696 58.748 3.696 50.666 0 99.58-7.948 145.384-23.628 42.926-14.692 81.116-35.434 113.504-61.644 60.046-48.59 93.112-110.802 93.112-175.174s-33.066-126.582-93.112-175.174c-32.388-26.212-70.578-46.952-113.504-61.646-45.804-15.678-94.718-23.628-145.384-23.628zM480 0v0c265.096 0 480 173.914 480 388.448s-214.904 388.448-480 388.448c-25.458 0-50.446-1.62-74.834-4.71-103.106 102.694-222.172 121.108-341.166 123.814v-25.134c64.252-31.354 116-88.466 116-153.734 0-9.106-0.712-18.048-2.030-26.794-108.558-71.214-177.97-179.988-177.97-301.89 0-214.534 214.904-388.448 480-388.448zM996 870.686c0 55.942 36.314 104.898 92 131.772v21.542c-103.126-2.318-197.786-18.102-287.142-106.126-21.14 2.65-42.794 4.040-64.858 4.040-95.47 0-183.408-25.758-253.614-69.040 144.674-0.506 281.26-46.854 384.834-130.672 52.208-42.252 93.394-91.826 122.414-147.348 30.766-58.866 46.366-121.582 46.366-186.406 0-10.448-0.45-20.836-1.258-31.168 72.57 59.934 117.258 141.622 117.258 231.676 0 104.488-60.158 197.722-154.24 258.764-1.142 7.496-1.76 15.16-1.76 22.966z"
				],
				"width": 1152,
				"attrs": [],
				"isMulticolor": false,
				"tags": [
					"bubbles",
					"comments",
					"chat",
					"talk"
				],
				"grid": 16
			},
			"attrs": [],
			"properties": {
				"order": 10,
				"prevSize": 16,
				"ligatures": "bubbles4, comments4",
				"name": "bubbles4",
				"id": 113
			},
			"setIdx": 0,
			"setId": 0,
			"iconIdx": 112
		},
		{
			"icon": {
				"paths": [
					"M576 706.612v-52.78c70.498-39.728 128-138.772 128-237.832 0-159.058 0-288-192-288s-192 128.942-192 288c0 99.060 57.502 198.104 128 237.832v52.78c-217.102 17.748-384 124.42-384 253.388h896c0-128.968-166.898-235.64-384-253.388z"
				],
				"attrs": [],
				"isMulticolor": false,
				"tags": [
					"user",
					"profile",
					"avatar",
					"person",
					"member"
				],
				"grid": 16
			},
			"attrs": [],
			"properties": {
				"order": 16,
				"prevSize": 16,
				"ligatures": "user, profile2",
				"name": "user",
				"id": 114
			},
			"setIdx": 0,
			"setId": 0,
			"iconIdx": 113
		},
		{
			"icon": {
				"paths": [
					"M768 770.612v-52.78c70.498-39.728 128-138.772 128-237.832 0-159.058 0-288-192-288s-192 128.942-192 288c0 99.060 57.502 198.104 128 237.832v52.78c-217.102 17.748-384 124.42-384 253.388h896c0-128.968-166.898-235.64-384-253.388z",
					"M327.196 795.328c55.31-36.15 124.080-63.636 199.788-80.414-15.054-17.784-28.708-37.622-40.492-59.020-30.414-55.234-46.492-116.058-46.492-175.894 0-86.042 0-167.31 30.6-233.762 29.706-64.504 83.128-104.496 159.222-119.488-16.914-76.48-61.94-126.75-181.822-126.75-192 0-192 128.942-192 288 0 99.060 57.502 198.104 128 237.832v52.78c-217.102 17.748-384 124.42-384 253.388h279.006c14.518-12.91 30.596-25.172 48.19-36.672z"
				],
				"width": 1152,
				"attrs": [],
				"isMulticolor": false,
				"tags": [
					"users",
					"group",
					"team",
					"members",
					"community",
					"collaborate"
				],
				"grid": 16
			},
			"attrs": [],
			"properties": {
				"order": 17,
				"prevSize": 16,
				"ligatures": "users, group",
				"name": "users",
				"id": 115
			},
			"setIdx": 0,
			"setId": 0,
			"iconIdx": 114
		},
		{
			"icon": {
				"paths": [
					"M225 448c123.712 0 224 100.29 224 224 0 123.712-100.288 224-224 224s-224-100.288-224-224l-1-32c0-247.424 200.576-448 448-448v128c-85.474 0-165.834 33.286-226.274 93.726-11.634 11.636-22.252 24.016-31.83 37.020 11.438-1.8 23.16-2.746 35.104-2.746zM801 448c123.71 0 224 100.29 224 224 0 123.712-100.29 224-224 224s-224-100.288-224-224l-1-32c0-247.424 200.576-448 448-448v128c-85.474 0-165.834 33.286-226.274 93.726-11.636 11.636-22.254 24.016-31.832 37.020 11.44-1.8 23.16-2.746 35.106-2.746z"
				],
				"attrs": [],
				"isMulticolor": false,
				"tags": [
					"quotes-left",
					"ldquo"
				],
				"grid": 16
			},
			"attrs": [],
			"properties": {
				"order": 18,
				"prevSize": 16,
				"ligatures": "quotes-left, ldquo",
				"name": "quotes-left",
				"id": 120
			},
			"setIdx": 0,
			"setId": 0,
			"iconIdx": 119
		},
		{
			"icon": {
				"paths": [
					"M800 640c-123.712 0-224-100.29-224-224 0-123.712 100.288-224 224-224s224 100.288 224 224l1 32c0 247.424-200.576 448-448 448v-128c85.474 0 165.834-33.286 226.274-93.726 11.634-11.636 22.252-24.016 31.83-37.020-11.438 1.8-23.16 2.746-35.104 2.746zM224 640c-123.71 0-224-100.29-224-224 0-123.712 100.29-224 224-224s224 100.288 224 224l1 32c0 247.424-200.576 448-448 448v-128c85.474 0 165.834-33.286 226.274-93.726 11.636-11.636 22.254-24.016 31.832-37.020-11.44 1.8-23.16 2.746-35.106 2.746z"
				],
				"attrs": [],
				"isMulticolor": false,
				"tags": [
					"quotes-right",
					"rdquo"
				],
				"grid": 16
			},
			"attrs": [],
			"properties": {
				"order": 19,
				"prevSize": 16,
				"ligatures": "quotes-right, rdquo",
				"name": "quotes-right",
				"id": 121
			},
			"setIdx": 0,
			"setId": 0,
			"iconIdx": 120
		},
		{
			"icon": {
				"paths": [
					"M128 896h896v128h-1024v-1024h128zM288 832c-53.020 0-96-42.98-96-96s42.98-96 96-96c2.828 0 5.622 0.148 8.388 0.386l103.192-171.986c-9.84-15.070-15.58-33.062-15.58-52.402 0-53.020 42.98-96 96-96s96 42.98 96 96c0 19.342-5.74 37.332-15.58 52.402l103.192 171.986c2.766-0.238 5.56-0.386 8.388-0.386 2.136 0 4.248 0.094 6.35 0.23l170.356-298.122c-10.536-15.408-16.706-34.036-16.706-54.11 0-53.020 42.98-96 96-96s96 42.98 96 96c0 53.020-42.98 96-96 96-2.14 0-4.248-0.094-6.35-0.232l-170.356 298.124c10.536 15.406 16.706 34.036 16.706 54.11 0 53.020-42.98 96-96 96s-96-42.98-96-96c0-19.34 5.74-37.332 15.578-52.402l-103.19-171.984c-2.766 0.238-5.56 0.386-8.388 0.386s-5.622-0.146-8.388-0.386l-103.192 171.986c9.84 15.068 15.58 33.060 15.58 52.4 0 53.020-42.98 96-96 96z"
				],
				"attrs": [],
				"isMulticolor": false,
				"tags": [
					"stats-dots",
					"stats",
					"plot",
					"statistics",
					"chart"
				],
				"grid": 16
			},
			"attrs": [],
			"properties": {
				"order": 22,
				"prevSize": 16,
				"ligatures": "stats-dots, stats2",
				"name": "stats-dots",
				"id": 156
			},
			"setIdx": 0,
			"setId": 0,
			"iconIdx": 155
		},
		{
			"icon": {
				"paths": [
					"M889.162 179.77c7.568-9.632 8.972-22.742 3.62-33.758-5.356-11.018-16.532-18.012-28.782-18.012h-704c-12.25 0-23.426 6.994-28.78 18.012-5.356 11.018-3.95 24.126 3.618 33.758l313.162 398.57v381.66h-96c-17.672 0-32 14.326-32 32s14.328 32 32 32h320c17.674 0 32-14.326 32-32s-14.326-32-32-32h-96v-381.66l313.162-398.57zM798.162 192l-100.572 128h-371.18l-100.57-128h572.322z"
				],
				"attrs": [],
				"isMulticolor": false,
				"tags": [
					"glass",
					"drink",
					"beverage",
					"wine"
				],
				"grid": 16
			},
			"attrs": [],
			"properties": {
				"order": 24,
				"prevSize": 16,
				"ligatures": "glass2, drink2",
				"name": "glass2",
				"id": 162
			},
			"setIdx": 0,
			"setId": 0,
			"iconIdx": 161
		},
		{
			"icon": {
				"paths": [
					"M224 0c-106.040 0-192 100.288-192 224 0 105.924 63.022 194.666 147.706 217.998l-31.788 518.124c-2.154 35.132 24.882 63.878 60.082 63.878h32c35.2 0 62.236-28.746 60.082-63.878l-31.788-518.124c84.684-23.332 147.706-112.074 147.706-217.998 0-123.712-85.96-224-192-224zM869.334 0l-53.334 320h-40l-26.666-320h-26.668l-26.666 320h-40l-53.334-320h-26.666v416c0 17.672 14.326 32 32 32h83.338l-31.42 512.122c-2.154 35.132 24.882 63.878 60.082 63.878h32c35.2 0 62.236-28.746 60.082-63.878l-31.42-512.122h83.338c17.674 0 32-14.328 32-32v-416h-26.666z"
				],
				"attrs": [],
				"isMulticolor": false,
				"tags": [
					"spoon-knife",
					"food",
					"restaurant"
				],
				"grid": 16
			},
			"attrs": [],
			"properties": {
				"order": 23,
				"prevSize": 16,
				"ligatures": "spoon-knife, food",
				"name": "spoon-knife",
				"id": 164
			},
			"setIdx": 0,
			"setId": 0,
			"iconIdx": 163
		},
		{
			"icon": {
				"paths": [
					"M1011.328 134.496c-110.752-83.928-281.184-134.034-455.91-134.034-216.12 0-392.226 75.456-483.16 207.020-42.708 61.79-66.33 134.958-70.208 217.474-3.454 73.474 8.884 154.726 36.684 242.146 94.874-284.384 359.82-507.102 665.266-507.102 0 0-285.826 75.232-465.524 308.192-0.112 0.138-2.494 3.090-6.614 8.698-36.080 48.278-67.538 103.162-91.078 165.328-39.87 94.83-76.784 224.948-76.784 381.782h128c0 0-19.43-122.222 14.36-262.79 55.89 7.556 105.858 11.306 150.852 11.306 117.678 0 201.37-25.46 263.388-80.124 55.568-48.978 86.198-114.786 118.624-184.456 49.524-106.408 105.654-227.010 268.654-320.152 9.33-5.332 15.362-14.992 16.056-25.716s-4.040-21.080-12.606-27.572z"
				],
				"attrs": [],
				"isMulticolor": false,
				"tags": [
					"leaf",
					"nature",
					"plant",
					"tea",
					"green",
					"vegan",
					"vegetarian"
				],
				"grid": 16
			},
			"attrs": [],
			"properties": {
				"order": 14,
				"prevSize": 16,
				"ligatures": "leaf, nature",
				"name": "leaf",
				"id": 165
			},
			"setIdx": 0,
			"setId": 0,
			"iconIdx": 164
		},
		{
			"icon": {
				"paths": [
					"M1010.174 915.75l-548.634-499.458 25.534-25.598c20.894-20.954 32.188-48.030 33.918-75.61 1.002-0.45 2.002-0.912 2.958-1.442l102.99-64.402c13.934-16.392 12.916-42.268-2.284-57.502l-179.12-179.608c-15.19-15.234-40.998-16.262-57.344-2.284l-64.236 103.268c-0.526 0.966-0.99 1.966-1.44 2.974-27.502 1.736-54.5 13.056-75.398 34.006l-97.428 97.702c-20.898 20.956-32.184 48.026-33.918 75.604-1.004 0.45-2.004 0.916-2.964 1.446l-102.986 64.406c-13.942 16.39-12.916 42.264 2.276 57.496l179.12 179.604c15.194 15.238 40.996 16.262 57.35 2.286l64.228-103.27c0.528-0.958 0.988-1.96 1.442-2.966 27.502-1.738 54.504-13.050 75.398-34.004l28.292-28.372 498.122 550.114c14.436 15.944 36.7 18.518 49.474 5.712l50.356-50.488c12.764-12.808 10.196-35.132-5.706-49.614z"
				],
				"attrs": [],
				"isMulticolor": false,
				"tags": [
					"hammer",
					"gavel",
					"rules",
					"justice",
					"legal"
				],
				"grid": 16
			},
			"attrs": [],
			"properties": {
				"order": 21,
				"prevSize": 16,
				"ligatures": "hammer2, gavel",
				"name": "hammer2",
				"id": 169
			},
			"setIdx": 0,
			"setId": 0,
			"iconIdx": 168
		},
		{
			"icon": {
				"paths": [
					"M956.29 804.482l-316.29-527.024v-213.458h32c17.6 0 32-14.4 32-32s-14.4-32-32-32h-320c-17.6 0-32 14.4-32 32s14.4 32 32 32h32v213.458l-316.288 527.024c-72.442 120.734-16.512 219.518 124.288 219.518h640c140.8 0 196.73-98.784 124.29-219.518zM241.038 640l206.962-344.938v-231.062h128v231.062l206.964 344.938h-541.926z"
				],
				"attrs": [],
				"isMulticolor": false,
				"tags": [
					"lab",
					"beta",
					"beaker",
					"test",
					"experiment"
				],
				"grid": 16
			},
			"attrs": [],
			"properties": {
				"order": 20,
				"prevSize": 16,
				"ligatures": "lab, beta",
				"name": "lab",
				"id": 171
			},
			"setIdx": 0,
			"setId": 0,
			"iconIdx": 170
		},
		{
			"icon": {
				"paths": [
					"M768 639.968l-182.82-182.822 438.82-329.15-128.010-127.996-548.52 219.442-172.7-172.706c-49.78-49.778-119.302-61.706-154.502-26.508-35.198 35.198-23.268 104.726 26.51 154.5l172.686 172.684-219.464 548.582 127.99 128.006 329.19-438.868 182.826 182.828v255.98h127.994l63.992-191.988 191.988-63.996v-127.992l-255.98 0.004z"
				],
				"attrs": [],
				"isMulticolor": false,
				"tags": [
					"airplane",
					"travel",
					"flight",
					"plane",
					"transport",
					"fly",
					"vacation"
				],
				"grid": 16
			},
			"attrs": [],
			"properties": {
				"order": 15,
				"prevSize": 16,
				"ligatures": "airplane, travel",
				"name": "airplane",
				"id": 176
			},
			"setIdx": 0,
			"setId": 0,
			"iconIdx": 175
		}
	],
	"height": 1024,
	"preferences": {
		"showGlyphs": true,
		"showQuickUse": true,
		"showQuickUse2": true,
		"showSVGs": true,
		"fontPref": {
			"prefix": "icon-",
			"metadata": {
				"fontFamily": "icomoon"
			},
			"metrics": {
				"emSize": 1024,
				"baseline": 6.25,
				"whitespace": 50
			},
			"embed": false
		},
		"imagePref": {
			"prefix": "icon-",
			"png": true,
			"useClassSelector": true,
			"color": 0,
			"bgColor": 16777215,
			"classSelector": ".icon"
		},
		"historySize": 100,
		"showCodes": true,
		"gridSize": 16
	}
}